Workbook

Sheet Dashboard
A1: Sales MIS Dashboard
A2: Jan to Jun 2026 | Simulated practice data | Updates automatically from the Data sheet
A4: Total Sales (INR) | C4: Closed Orders | E4: Cancellation Rate | G4: Best Region
A5: =Summary!D10 -> 2393800 | C5: =Summary!B10-Summary!C10 -> 136 | E5: =Summary!E10 -> 0.093333333 | G5: =INDEX(Summary!A6:A9,MATCH(MAX(Summary!D6:D9),Summary!D6:D9,0)) -> South
A7: Closed Sales by Region (INR) | E7: Closed Sales by Month (INR)
A25: How to read this dashboard
A26: Total Sales counts only Closed orders. Cancelled orders are left out.
A27: Cancellation Rate = Cancelled Orders / Total Orders.
A28: Best Region = the region with the highest Closed Sales (INDEX + MATCH + MAX).
A29: Flow: Data (raw orders) -> Summary (SUMIFS / COUNTIFS) -> Dashboard (KPIs + charts).

Sheet Summary
A1: Summary Tables
A2: Every number here is a formula that reads the Data sheet. Sales count Closed orders only.
A4: 1. Sales by Region
A5: Region | B5: Total Orders | C5: Cancelled Orders | D5: Closed Sales (INR) | E5: Cancellation %
A6: North | B6: =COUNTIF(Data!$D$2:$D$151,A6) -> 38 | C6: =COUNTIFS(Data!$D$2:$D$151,A6,Data!$J$2:$J$151,"Cancelled") -> 7 | D6: =SUMIFS(Data!$I$2:$I$151,Data!$D$2:$D$151,A6,Data!$J$2:$J$151,"Closed") -> 516850 | E6: =C6/B6 -> 0.18421053 | G6: SUMIFS adds up Sales where Region matches AND Status is Closed.
A7: South | B7: =COUNTIF(Data!$D$2:$D$151,A7) -> 44 | C7: =COUNTIFS(Data!$D$2:$D$151,A7,Data!$J$2:$J$151,"Cancelled") -> 2 | D7: =SUMIFS(Data!$I$2:$I$151,Data!$D$2:$D$151,A7,Data!$J$2:$J$151,"Closed") -> 640700 | E7: =C7/B7 -> 0.045454545 | G7: COUNTIFS counts orders that match both conditions.
A8: East | B8: =COUNTIF(Data!$D$2:$D$151,A8) -> 36 | C8: =COUNTIFS(Data!$D$2:$D$151,A8,Data!$J$2:$J$151,"Cancelled") -> 2 | D8: =SUMIFS(Data!$I$2:$I$151,Data!$D$2:$D$151,A8,Data!$J$2:$J$151,"Closed") -> 635800 | E8: =C8/B8 -> 0.055555556
A9: West | B9: =COUNTIF(Data!$D$2:$D$151,A9) -> 32 | C9: =COUNTIFS(Data!$D$2:$D$151,A9,Data!$J$2:$J$151,"Cancelled") -> 3 | D9: =SUMIFS(Data!$I$2:$I$151,Data!$D$2:$D$151,A9,Data!$J$2:$J$151,"Closed") -> 600450 | E9: =C9/B9 -> 0.09375
A10: Total | B10: =SUM(B6:B9) -> 150 | C10: =SUM(C6:C9) -> 14 | D10: =SUM(D6:D9) -> 2393800 | E10: =C10/B10 -> 0.093333333
A13: 2. Salesperson vs Target
A14: Salesperson | B14: Region | C14: Closed Sales (INR) | D14: Target (INR) | E14: Achievement %
A15: Amit Verma | B15: North | C15: =SUMIFS(Data!$I$2:$I$151,Data!$E$2:$E$151,A15,Data!$J$2:$J$151,"Closed") -> 325950 | D15: 320000 | E15: =C15/D15 -> 1.0185937 | G15: Targets (blue) are assumed values. Change one and Achievement % updates.
A16: Neha Singh | B16: North | C16: =SUMIFS(Data!$I$2:$I$151,Data!$E$2:$E$151,A16,Data!$J$2:$J$151,"Closed") -> 190900 | D16: 300000 | E16: =C16/D16 -> 0.63633333 | G16: Achievement % = Closed Sales / Target.
A17: Karthik Iyer | B17: South | C17: =SUMIFS(Data!$I$2:$I$151,Data!$E$2:$E$151,A17,Data!$J$2:$J$151,"Closed") -> 299850 | D17: 280000 | E17: =C17/D17 -> 1.0708929
A18: Divya Nair | B18: South | C18: =SUMIFS(Data!$I$2:$I$151,Data!$E$2:$E$151,A18,Data!$J$2:$J$151,"Closed") -> 340850 | D18: 300000 | E18: =C18/D18 -> 1.1361667
A19: Subho Das | B19: East | C19: =SUMIFS(Data!$I$2:$I$151,Data!$E$2:$E$151,A19,Data!$J$2:$J$151,"Closed") -> 206150 | D19: 300000 | E19: =C19/D19 -> 0.68716667
A20: Riya Ghosh | B20: East | C20: =SUMIFS(Data!$I$2:$I$151,Data!$E$2:$E$151,A20,Data!$J$2:$J$151,"Closed") -> 429650 | D20: 290000 | E20: =C20/D20 -> 1.4815517
A21: Rahul Patil | B21: West | C21: =SUMIFS(Data!$I$2:$I$151,Data!$E$2:$E$151,A21,Data!$J$2:$J$151,"Closed") -> 417450 | D21: 330000 | E21: =C21/D21 -> 1.265
A22: Sneha Kulkarni | B22: West | C22: =SUMIFS(Data!$I$2:$I$151,Data!$E$2:$E$151,A22,Data!$J$2:$J$151,"Closed") -> 183000 | D22: 310000 | E22: =C22/D22 -> 0.59032258
A25: 3. Sales by Month
A26: Month | B26: Total Orders | C26: Closed Sales (INR)
A27: Jan | B27: =COUNTIF(Data!$C$2:$C$151,A27) -> 29 | C27: =SUMIFS(Data!$I$2:$I$151,Data!$C$2:$C$151,A27,Data!$J$2:$J$151,"Closed") -> 581600 | G27: Check: this total should equal the Region table total.
A28: Feb | B28: =COUNTIF(Data!$C$2:$C$151,A28) -> 21 | C28: =SUMIFS(Data!$I$2:$I$151,Data!$C$2:$C$151,A28,Data!$J$2:$J$151,"Closed") -> 321350
A29: Mar | B29: =COUNTIF(Data!$C$2:$C$151,A29) -> 38 | C29: =SUMIFS(Data!$I$2:$I$151,Data!$C$2:$C$151,A29,Data!$J$2:$J$151,"Closed") -> 452450
A30: Apr | B30: =COUNTIF(Data!$C$2:$C$151,A30) -> 15 | C30: =SUMIFS(Data!$I$2:$I$151,Data!$C$2:$C$151,A30,Data!$J$2:$J$151,"Closed") -> 386250
A31: May | B31: =COUNTIF(Data!$C$2:$C$151,A31) -> 25 | C31: =SUMIFS(Data!$I$2:$I$151,Data!$C$2:$C$151,A31,Data!$J$2:$J$151,"Closed") -> 282050
A32: Jun | B32: =COUNTIF(Data!$C$2:$C$151,A32) -> 22 | C32: =SUMIFS(Data!$I$2:$I$151,Data!$C$2:$C$151,A32,Data!$J$2:$J$151,"Closed") -> 370100
A33: Total | B33: =SUM(B27:B32) -> 150 | C33: =SUM(C27:C32) -> 2393800
A36: 4. PivotTable: Sales by Region and Category (Closed orders)
A37: Real Excel PivotTable built from the Data sheet. Right-click it and choose Refresh after changing data.
A39: Filter
A40: Status | B40: Closed
A42: Sum - Sales (INR) | B42: Category
A43: Region | B43: Appliances | C43: Electronics | D43: Furniture | E43: Stationery | F43: Total Result
A44: East | B44: 167950 | C44: 338600 | D44: 116000 | E44: 13250 | F44: 635800
A45: North | B45: 187500 | C45: 183600 | D45: 127450 | E45: 18300 | F45: 516850
A46: South | B46: 103000 | C46: 395300 | D46: 112050 | E46: 30350 | F46: 640700
A47: West | B47: 94600 | C47: 319200 | D47: 160850 | E47: 25800 | F47: 600450
A48: Total Result | B48: 553050 | C48: 1236700 | D48: 516350 | E48: 87700 | F48: 2393800

Sheet Data
A1: Order ID | B1: Order Date | C1: Month | D1: Region | E1: Salesperson | F1: Category | G1: Units | H1: Unit Price (INR) | I1: Sales (INR) | J1: Status
A2: ORD-1001 | B2: 46105 | C2: =TEXT(B2,"mmm") -> Mar | D2: South | E2: Karthik Iyer | F2: Stationery | G2: 6 | H2: 150 | I2: =G2*H2 -> 900 | J2: Closed
A3: ORD-1002 | B3: 46172 | C3: =TEXT(B3,"mmm") -> May | D3: North | E3: Neha Singh | F3: Appliances | G3: 2 | H3: 1900 | I3: =G3*H3 -> 3800 | J3: Closed
A4: ORD-1003 | B4: 46084 | C4: =TEXT(B4,"mmm") -> Mar | D4: North | E4: Amit Verma | F4: Stationery | G4: 4 | H4: 150 | I4: =G4*H4 -> 600 | J4: Closed
A5: ORD-1004 | B5: 46184 | C5: =TEXT(B5,"mmm") -> Jun | D5: North | E5: Amit Verma | F5: Stationery | G5: 9 | H5: 150 | I5: =G5*H5 -> 1350 | J5: Cancelled
A6: ORD-1005 | B6: 46057 | C6: =TEXT(B6,"mmm") -> Feb | D6: East | E6: Riya Ghosh | F6: Stationery | G6: 9 | H6: 250 | I6: =G6*H6 -> 2250 | J6: Closed
A7: ORD-1006 | B7: 46197 | C7: =TEXT(B7,"mmm") -> Jun | D7: South | E7: Karthik Iyer | F7: Electronics | G7: 6 | H7: 4350 | I7: =G7*H7 -> 26100 | J7: Closed
A8: ORD-1007 | B8: 46047 | C8: =TEXT(B8,"mmm") -> Jan | D8: North | E8: Neha Singh | F8: Electronics | G8: 13 | H8: 4450 | I8: =G8*H8 -> 57850 | J8: Closed
A9: ORD-1008 | B9: 46103 | C9: =TEXT(B9,"mmm") -> Mar | D9: West | E9: Rahul Patil | F9: Stationery | G9: 12 | H9: 400 | I9: =G9*H9 -> 4800 | J9: Closed
A10: ORD-1009 | B10: 46085 | C10: =TEXT(B10,"mmm") -> Mar | D10: North | E10: Neha Singh | F10: Furniture | G10: 12 | H10: 2850 | I10: =G10*H10 -> 34200 | J10: Closed
A11: ORD-1010 | B11: 46137 | C11: =TEXT(B11,"mmm") -> Apr | D11: East | E11: Subho Das | F11: Electronics | G11: 13 | H11: 2850 | I11: =G11*H11 -> 37050 | J11: Closed
A12: ORD-1011 | B12: 46110 | C12: =TEXT(B12,"mmm") -> Mar | D12: South | E12: Karthik Iyer | F12: Stationery | G12: 13 | H12: 450 | I12: =G12*H12 -> 5850 | J12: Closed
A13: ORD-1012 | B13: 46165 | C13: =TEXT(B13,"mmm") -> May | D13: East | E13: Riya Ghosh | F13: Furniture | G13: 10 | H13: 3400 | I13: =G13*H13 -> 34000 | J13: Closed
... A151: ORD-1150 | B151: 46177 | C151: =TEXT(B151,"mmm") -> Jun | D151: East | E151: Riya Ghosh | F151: Electronics | G151: 4 | H151: 2800 | I151: =G151*H151 -> 11200 | J151: Closed
